,곡명,가수,앨범
0,넘쳐흘러,엠씨더맥스,Circular
1,띵 (Prod. By 기리보이),"Jvcki Wai, 영비 (Young B), Osshun Gum, 한요한",Dingo X Indigo Music
2,벌써 12시,청하,벌써 12시
3,180도,벤,180˚
4,신용재,하은 (라코스테남),신용재
5,SOLO,제니 (JENNIE),SOLO
6,MILLIONS,WINNER,MILLIONS
7,아낙네,MINO (송민호),XX
8,Love Shot,EXO,LOVE SHOT - The 5th Album Repackage
9,너를 만나,폴킴,너를 만나
10,해야 (Sunrise),여자친구 (GFRIEND),여자친구 The 2nd Album `Time for us`
11,YES or YES,TWICE (트와이스),YES or YES
12,Tempo,EXO,DON`T MESS UP MY TEMPO - The 5th Album
13,"모든 날, 모든 순간 (Every day, Every Moment)",폴킴,`키스 먼저 할까요?` OST Part.3
14,내 생에 아름다운,케이윌,뷰티 인사이드 OST Part.4
15,너도 그냥 날 놓아주면 돼,윤건,너도 그냥 날 놓아주면 돼
16,흔한 이별,허각,흔한 이별
17,첫눈에,헤이즈 (Heize),첫눈에
18,IDOL,방탄소년단,LOVE YOURSELF 結 `Answer`
19,가을 타나 봐,바이브,가을 타나 봐
20,%%(응응),Apink (에이핑크),PERCENT
21,삐삐,아이유,삐삐
22,"thank u, next",Ariana Grande,"thank u, next"
23,고백,양다일,고백
24,이별하러 가는 길,임한별,이별하러 가는 길
25,아름답고도 아프구나,비투비,HOUR MOMENT
26,Way Back Home,숀 (SHAUN),Take
27,봄바람,Wanna One (워너원),1¹¹=1 (POWER OF DESTINY)
28,하루도 그대를 사랑하지 않은 적이 없었다,임창정,하루도 그대를 사랑하지 않은 적이 없었다
29,열애중,벤,RECIPE
30,사계 (하루살이),엠씨더맥스,Circular
31,Good Day (Feat. 팔로알토) (Prod. 코드 쿤스트),"pH-1, Kid Milli, 루피(Loopy)",쇼미더머니 777 Episode 1
32,FAKE LOVE,방탄소년단,LOVE YOURSELF 轉 `Tear`
33,라비앙로즈 (La Vie en Rose),IZ*ONE (아이즈원),COLOR*IZ
34,트라우마 (Trauma),EXO,LOVE SHOT - The 5th Album Repackage
35,봄날,방탄소년단,YOU NEVER WALK ALONE
36,지나오다,닐로 (Nilo),About You
37,Wait,EXO,LOVE SHOT - The 5th Album Repackage
38,IndiGO,"저스디스 (JUSTHIS), Kid Milli, NO:EL, 영비 (Young B)",IM
39,알았다면,장덕철,알았다면
40,뚜두뚜두 (DDU-DU DDU-DU),BLACKPINK,SQUARE UP
41,너는 어땠을까,노을,별
42,Gravity,EXO,DON`T MESS UP MY TEMPO - The 5th Album
43,I`m Fine,방탄소년단,LOVE YOURSELF 結 `Answer`
44,행복,오반 (OVAN),행복
45,닿은 순간 (Ooh La La La),EXO,DON`T MESS UP MY TEMPO - The 5th Album
46,습관 (Bad Habits),숀 (SHAUN),안녕
47,DNA,방탄소년단,LOVE YOURSELF 承 `Her`
48,24/7,EXO,DON`T MESS UP MY TEMPO - The 5th Album
49,사이렌 (Siren),선미,WARNING
50,에너제틱 (Energetic),Wanna One (워너원),1X1=1(TO BE ONE)
51,너 없인 안 된다,비투비,THIS IS US
52,우리 그만하자,로이킴,우리 그만하자
53,Euphoria,방탄소년단,LOVE YOURSELF 結 `Answer`
54,이별길 (GOODBYE ROAD),iKON,NEW KIDS : THE FINAL
55,Sign,EXO,DON`T MESS UP MY TEMPO - The 5th Album
56,전하지 못한 진심 (Feat. Steve Aoki),방탄소년단,LOVE YOURSELF 轉 `Tear`
57,Universe,EXO,"Universe - 겨울 스페셜 앨범, 2017"
58,여기 있을게 (Smile On My Face),EXO,DON`T MESS UP MY TEMPO - The 5th Album
59,Damage,EXO,DON`T MESS UP MY TEMPO - The 5th Album
60,Bohemian Rhapsody (2011 Remaster),Queen,Greatest Hits (2011 Remaster)
61,오아시스 (Oasis),EXO,DON`T MESS UP MY TEMPO - The 5th Album
62,Dance The Night Away,TWICE (트와이스),Summer Nights
63,가끔 (With You),EXO,DON`T MESS UP MY TEMPO - The 5th Album
64,밤편지,아이유,밤편지
65,"길 (Song by 아이유, 헨리, 조현아, 양다일)",god,THEN & NOW
66,후폭풍 (Bad Dream),EXO,DON`T MESS UP MY TEMPO - The 5th Album
67,Answer : Love Myself,방탄소년단,LOVE YOURSELF 結 `Answer`
68,미안해,양다일,inside
69,시간이 들겠지 (Feat. Colde),로꼬,시간이 들겠지
70,We all lie,하진,SKY 캐슬 OST Part.4
71,Wind flower,마마무(Mamamoo),BLUE;S
72,헤어지는 중,펀치 (Punch),헤어지는 중
73,비,폴킴,비
74,그리워하다,비투비,Brother Act.
75,Beautiful,Wanna One (워너원),1-1=0 (NOTHING WITHOUT YOU)
76,동화 (feat. 아이유),김동률,동화 (feat. 아이유)
77,가을 안부,먼데이 키즈 (Monday Kiz),가을 안부
78,겨울이라 이런 거면 좋겠다,먼데이 키즈 (Monday Kiz),겨울이라 이런 거면 좋겠다
79,flex (Prod. By 기리보이),"기리보이, Kid Milli, NO:EL, 스윙스",Dingo X Indigo Music
80,사랑을 했다 (LOVE SCENARIO),iKON,Return
81,Epiphany,방탄소년단,LOVE YOURSELF 結 `Answer`
82,BOOMERANG (부메랑),Wanna One (워너원),0+1=1 (I PROMISE YOU)
83,그 남자를 떠나,god,THEN & NOW
84,그때 헤어지면 돼,로이킴,그때 헤어지면 돼
85,켜줘 (Light),Wanna One (워너원),1÷χ=1 (UNDIVIDED)
86,Snowman (삼성 갤럭시 노트 9 광고 삽입곡),Sia,Everyday Is Christmas (Deluxe)
87,I`M OK,iKON,NEW KIDS REPACKAGE : THE NEW KIDS
88,꿈처럼 내린,다비치,뷰티 인사이드 OST Part.3
89,불꽃놀이 (Flowerbomb),Wanna One (워너원),1¹¹=1 (POWER OF DESTINY)
90,멋지게 인사하는 법 (Feat. 슬기 of Red Velvet),Zion.T,ZZZ
91,Anpanman,방탄소년단,LOVE YOURSELF 轉 `Tear`
92,술래,Wanna One (워너원),1¹¹=1 (POWER OF DESTINY)
93,집,Wanna One (워너원),1¹¹=1 (POWER OF DESTINY)
94,그때가 좋았어,케이시 (Kassy),그때가 좋았어
95,사랑은 다 이러니,홍진영,사랑은 다 이러니
96,RBB (Really Bad Boy),Red Velvet (레드벨벳),RBB - The 5th Mini Album
97,묻고싶다 (One Love),Wanna One (워너원),1¹¹=1 (POWER OF DESTINY)
98,Trivia 轉 : Seesaw,방탄소년단,LOVE YOURSELF 結 `Answer`
99,시간을 견디면,엠씨더맥스,Circular
